{"RightGrip":[[0.7106589,1.4453605,-0.6626442],[0.4446008,0.22148514,0.66231203,0.56090754]],"LeftUpperLeg":[[0.39567062,0.69689167,-0.11903133],[0.25160712,0.06818648,-0.020591669,0.96520483]],"Pelvis":[[0.5351441,0.9544522,-0.03506967],[-0.0328366,0.06705616,0.022759596,0.996949]],"RightLowerLeg":[[0.56411326,0.2988933,0.01945601],[-0.10614609,0.29788917,-0.041885126,0.94775563]],"LeftFoot":[[0.37258008,0.011819056,-0.25346357],[0.00063963427,-0.022664543,-0.00033876888,0.9997429]],"RightUpperLeg":[[0.617421,0.6918743,-0.037131995],[0.034401882,0.40177286,-0.11691135,0.9075942]],"LeftFootTarget":[[0.37129697,0.0,-0.25801525],[0.0,-0.02272569,0.0,0.9997418]],"RightAim":[[0.68586046,1.4787937,-0.75315523],[0.10458178,-0.13934426,0.6843216,0.70806056]],"RightFootTarget":[[0.55878997,0.0,0.06956867],[0.0,0.36052385,0.0,0.93275005]],"LeftAim":[[0.25112954,1.0385989,-0.28983977],[-0.17480586,0.14764944,0.01356205,0.97337484]],"NeckRoot":[[0.5118973,1.5277702,-0.012357494],[-0.09887965,-0.024410611,0.01573838,0.9946755]],"RightWrist":[[0.7174872,1.4370214,-0.5960572],[0.10458178,-0.13934426,0.6843216,0.70806056]],"LeftUpperArm":[[0.34949538,1.308261,0.035422027],[-0.85910696,0.09649846,0.11102288,0.4902012]],"RightLowerArm":[[0.6555582,1.4594522,-0.59780544],[0.5052687,0.29686764,0.6329497,0.5059131]],"BalancePoint":[[0.5118989,0.0,-0.012358436],[0.0,-0.022745166,0.0,0.9997413]],"RightPalm":[[0.5330296,1.4823062,-0.7543368],[0.11442794,-0.12903836,0.68733776,0.7055653]],"LeftGrip":[[0.28032622,1.0431527,-0.19469874],[0.33530107,0.13464919,-0.062079642,0.9303703]],"RightUpperArm":[[0.7225694,1.4511292,-0.3748689],[-0.1304101,-0.11475575,0.64662373,0.7427666]],"HeadCenter":[[0.52396655,1.6033981,-0.07930842],[-0.095676035,-0.023010178,0.016296113,0.99501306]],"Base":[[0.5118973,0.0,-0.012357494],[0.0,-0.022745166,0.0,0.9997413]],"RightFoot":[[0.56071275,0.0041259946,0.06503949],[-0.0012770523,0.36047658,-0.0011924036,0.9327667]],"LeftLowerArm":[[0.32391927,1.1232802,-0.012960576],[-0.22388084,0.15053521,0.020080507,0.9627114]],"Hmd":[[0.5144165,1.6061714,-0.13003035],[-0.09887965,-0.024410611,0.01573838,0.9946755]],"LeftPalm":[[0.2800586,1.0459043,-0.19660434],[-0.1753963,0.14767204,0.013606168,0.97326463]],"LeftLowerLeg":[[0.37607294,0.31111288,-0.2367582],[0.040565994,-0.033928256,-0.009854571,0.998552]],"LeftWrist":[[0.28514114,1.0565258,-0.12875955],[-0.17480586,0.14764944,0.01356205,0.97337484]],"Torso":[[0.5467136,1.2634046,-0.097368464],[-0.028516944,0.10709116,0.0072693666,0.99381363]]}