{"RightUpperLeg":[[-0.26896608,0.54566,0.072722726],[0.5912302,-0.17621982,0.017486228,0.7868212]],"RightLowerLeg":[[-0.2670826,0.29286623,-0.10216087],[-0.10162728,-0.9888685,0.008710639,0.108328894]],"RightPalm":[[0.6341569,1.309689,0.1555602],[0.3210274,-0.52523756,0.4424677,0.65214205]],"BalancePoint":[[-0.25998726,0.0,-0.029984053],[0.0,0.73439896,0.0,-0.6787181]],"RightLowerArm":[[0.4719287,1.1429664,0.19582927],[0.32089627,-0.52518404,0.44260195,0.65215874]],"LeftLowerArm":[[-0.029143637,0.77580965,-0.110144556],[-0.06876298,-0.6762927,-0.1738775,0.71250737]],"LeftAim":[[0.26707628,0.7004076,-0.115573876],[-0.09980108,-0.6618132,-0.20526057,0.7140807]],"RightAim":[[0.47009093,1.0519664,0.24544235],[0.23111905,0.6841684,0.052867066,-0.68971205]],"Base":[[-0.25998765,0.0,-0.02998374],[0.0,0.73439896,0.0,-0.6787181]],"Torso":[[-0.14266431,0.9053015,0.07000393],[-0.17120855,-0.5785465,-0.03965467,0.796492]],"Pelvis":[[-0.33088914,0.6478284,0.11633583],[-0.22977693,-0.5587806,-0.08151908,0.7926673]],"LeftLowerLeg":[[-0.08618564,0.29516897,0.18583307],[0.014522783,-0.76788425,-0.071749456,0.636392]],"RightGrip":[[0.37108016,1.0624986,0.24875103],[0.14470103,-0.6189407,0.29629996,0.7128676]],"LeftUpperLeg":[[-0.23623371,0.52985466,0.11252105],[0.54025096,-0.3500758,-0.33012524,-0.6903573]],"RightFoot":[[-0.30735427,-0.0029206912,-0.094121955],[-0.0016049742,-0.99998003,0.00034079424,0.006129795]],"RightWrist":[[0.3083061,1.0826975,0.26294336],[0.23111905,0.6841684,0.052867066,-0.68971205]],"RightFootTarget":[[-0.3122916,0.0,-0.09204203],[0.0,0.99998516,0.0,-0.005467491]],"LeftFoot":[[-0.10025131,-0.002656616,0.15976498],[0.00062458694,-0.7343296,-0.0012015863,0.67879176]],"Hmd":[[-0.1672206,1.2323242,-0.049261633],[0.061331514,0.72447217,-0.11525646,-0.6768268]],"NeckRoot":[[-0.25998765,1.1273355,-0.02998374],[0.061331514,0.72447217,-0.11525646,-0.6768268]],"RightUpperArm":[[0.19068705,1.0581471,0.16915694],[-0.18819988,-0.7685077,0.0393437,0.61026955]],"LeftGrip":[[0.16841944,0.71288407,-0.109560385],[-0.27061003,0.6757774,-0.15314578,-0.6683126]],"HeadCenter":[[-0.18164238,1.2161399,-0.030618964],[-0.060136322,-0.7227338,0.117316134,0.6784369]],"LeftWrist":[[0.1047975,0.73326594,-0.11887855],[-0.09980108,-0.6618132,-0.20526057,0.7140807]],"LeftFootTarget":[[-0.10310942,0.0,0.15614824],[0.0,0.7343142,0.0,-0.67880976]],"LeftUpperArm":[[-0.14993078,0.95385855,-0.14088601],[-0.63071746,-0.49636188,-0.40941727,0.43381768]],"LeftPalm":[[0.16723752,0.7108558,-0.11048824],[-0.09960758,-0.6619842,-0.20472568,0.71410275]]}