{"HeadCenter":[[0.25333205,1.6179382,0.5484123],[-0.05502946,0.77206504,0.086710446,0.6271911]],"LeftGrip":[[-0.03386743,1.7068621,0.96494997],[-0.112710595,-0.45055008,0.819332,-0.33614883]],"LeftLowerArm":[[0.09925499,1.5258155,0.9661705],[-0.05509811,0.7786516,-0.51713514,0.35105124]],"LeftUpperArm":[[0.24363887,1.4582249,0.8396288],[-0.25899613,0.9167155,0.1332218,0.27350625]],"RightLowerArm":[[-0.05546884,1.514993,0.20585339],[0.6191468,0.4888867,-0.016169814,0.6143175]],"LeftFoot":[[0.220632,0.005410979,0.6876714],[-0.0023097342,0.17383611,0.0031560734,0.9847669]],"RightAim":[[-0.21057284,1.7508166,0.33183798],[0.6107204,0.4842889,-0.012450069,0.62636244]],"RightUpperLeg":[[0.04378985,0.6985778,0.4763765],[0.20537747,0.7282309,-0.24815857,0.6049109]],"LeftPalm":[[-0.034302343,1.6928588,0.98230577],[-0.068489306,0.7977474,-0.4875328,0.34816706]],"RightUpperArm":[[0.12163165,1.4452746,0.2539936],[-0.005833861,0.4156226,0.32883862,0.84799117]],"LeftLowerLeg":[[0.20608129,0.30470407,0.67885035],[-0.028020572,0.19519387,0.030938718,0.9798759]],"RightGrip":[[-0.17259665,1.669378,0.28881994],[0.84208065,0.41318148,-0.25292656,0.23708554]],"LeftAim":[[-0.086441934,1.7914383,0.96773833],[-0.07046417,0.7998538,-0.48428738,0.3474687]],"Pelvis":[[0.22215363,0.9511644,0.5723287],[0.03880117,0.77159774,-0.0743953,0.6305528]],"NeckRoot":[[0.28989747,1.5313658,0.5426406],[-0.060296565,0.7710387,0.09668734,0.6265104]],"Torso":[[0.25911438,1.2897141,0.5449374],[-0.0085302545,0.776629,-0.00935078,0.62983096]],"LeftUpperLeg":[[0.22477315,0.7053215,0.68517894],[0.086760595,0.52235836,-0.053368695,0.8466205]],"RightPalm":[[-0.17482933,1.6687555,0.27997077],[0.6113573,0.48512593,-0.013166956,0.62507755]],"RightLowerLeg":[[-0.10468237,0.31992757,0.50464493],[0.010522648,0.7666193,-0.013461515,0.64187443]],"LeftWrist":[[0.015689686,1.6612175,0.9616857],[-0.07046417,0.7998538,-0.48428738,0.3474687]],"RightWrist":[[-0.13226286,1.6249667,0.2579846],[0.6107204,0.4842889,-0.012450069,0.62636244]],"Base":[[0.28989747,0.0,0.5426406],[0.0,0.7771038,0.0,0.6293724]],"BalancePoint":[[0.21684578,0.0,0.6873128],[0.0,0.7771038,0.0,0.6293724]],"Hmd":[[0.17303737,1.6063037,0.5696226],[-0.060296565,0.7710387,0.09668734,0.6265104]],"RightFoot":[[-0.1131749,0.020072205,0.50642145],[0.0016417636,0.7670212,-0.0021443432,0.64161605]]}