{"LeftAim":[[-0.03755302,1.0662907,-0.44865447],[0.13778196,-0.20004468,0.17802943,0.9535742]],"BalancePoint":[[-0.07148979,0.0,-0.017995818],[0.0,-0.22503039,0.0,0.97435176]],"LeftLowerArm":[[-0.12264743,0.8995637,-0.20593184],[0.20017649,-0.1896242,0.18991983,0.9422859]],"RightLowerLeg":[[0.18490247,0.27991647,0.0019838181],[-0.18336171,-0.11280819,-0.013187827,0.9764625]],"HeadCenter":[[-0.053839844,1.2075073,-0.07853347],[-0.08904491,-0.1950437,0.12789631,0.9683344]],"Torso":[[0.030405698,0.9193833,0.023172874],[-0.26519763,-0.045600787,0.07945881,0.9598319]],"RightFootTarget":[[0.16928537,0.0,0.085471526],[0.0,-0.12065918,0.0,0.992694]],"RightUpperArm":[[0.26485926,0.9927117,-0.24667154],[-0.4550003,-0.034919955,0.690197,0.56159]],"RightWrist":[[0.42625442,0.9252753,-0.35781008],[-0.35980853,-0.09867687,0.22809848,0.8993173]],"Hmd":[[-0.04034505,1.2015557,-0.13347426],[-0.09221687,-0.23091795,0.11291578,0.9619891]],"RightUpperLeg":[[0.18459967,0.559806,0.09809622],[0.50006455,-0.052939706,0.011873095,0.8642869]],"LeftUpperLeg":[[-0.13214076,0.54380524,0.05086364],[0.59248537,0.07641493,-0.09988747,0.79570377]],"LeftGrip":[[-0.05729677,1.0076016,-0.3706111],[0.5961098,-0.08422906,0.25420034,0.7569285]],"RightPalm":[[0.5266743,0.68803215,-0.67839944],[-0.33761105,-0.09077524,0.23938271,0.9058006]],"RightLowerArm":[[0.44077277,0.8265658,-0.4759686],[-0.33745003,-0.09021771,0.23973829,0.90582216]],"LeftUpperArm":[[-0.19137311,0.9683251,-0.07960037],[-0.6503236,-0.21303456,-0.065759175,0.72620326]],"LeftWrist":[[-0.087808535,0.97263926,-0.32165536],[0.13778196,-0.20004468,0.17802943,0.9535742]],"LeftPalm":[[-0.055400986,1.0032578,-0.37180623],[0.15083809,-0.19781242,0.18028261,0.9516388]],"NeckRoot":[[-0.069389865,1.1183339,-0.022882488],[-0.09221687,-0.23091795,0.11291578,0.9619891]],"RightGrip":[[0.43192062,0.88528675,-0.41183606],[0.13805535,0.028592572,0.24687752,0.958736]],"LeftLowerLeg":[[-0.18937273,0.29420692,-0.1047284],[0.07132873,0.091588184,0.010743175,-0.993181]],"LeftFootTarget":[[-0.1976248,0.0,-0.072199315],[0.0,-0.09249047,0.0,0.9957136]],"RightAim":[[0.45419753,0.84719324,-0.5011536],[-0.35980853,-0.09867687,0.22809848,0.8993173]],"RightFoot":[[0.17016846,-0.0061984397,0.08016355],[-0.035544455,-0.1198518,-0.0021739656,0.99215287]],"Base":[[-0.069389865,0.0,-0.022882488],[0.0,-0.22503039,0.0,0.97435176]],"LeftFoot":[[-0.19724788,-0.0036594388,-0.07412506],[0.013401296,0.09058218,0.003829731,-0.9957915]],"Pelvis":[[0.034963302,0.6885976,0.21955399],[-0.23699386,-0.0718265,0.08494142,0.96512175]]}