{"Base":[[0.29396302,0.0,0.5445028],[0.0,0.77574015,0.0,0.6310524]],"RightUpperLeg":[[0.045976,0.69989747,0.4736761],[0.20464246,0.7324657,-0.25028563,0.5991433]],"LeftUpperArm":[[0.25885397,1.597074,0.811887],[-0.111162305,-0.884131,0.36895192,-0.2642534]],"LeftLowerLeg":[[0.20610781,0.30451295,0.6777954],[-0.029137002,0.1950098,0.030777857,0.97988516]],"LeftGrip":[[0.2505186,2.0555778,0.74894446],[-0.18214051,-0.18345273,0.96593076,0.012150734]],"BalancePoint":[[0.22083455,0.0,0.689327],[0.0,0.77574015,0.0,0.6310524]],"RightFoot":[[-0.11264675,0.02089592,0.505987],[0.0017094122,0.7670483,-0.0022660661,0.6415832]],"LeftAim":[[0.2737853,2.1440191,0.7094246],[-0.1638137,-0.64184016,0.74479425,-0.080547415]],"LeftPalm":[[0.24951191,2.046735,0.767786],[-0.16414101,-0.637646,0.7482276,-0.08136864]],"LeftUpperLeg":[[0.22657368,0.70472753,0.68177086],[0.08703994,0.5326915,-0.057676274,0.8398437]],"LeftWrist":[[0.2520761,1.9919939,0.77140933],[-0.1638137,-0.64184016,0.74479425,-0.080547415]],"Pelvis":[[0.22557847,0.951177,0.568366],[0.045619242,0.772131,-0.0716055,0.62976605]],"Torso":[[0.26919034,1.2912642,0.5443708],[-0.00034700474,0.7758014,-0.0050164745,0.6309571]],"LeftLowerArm":[[0.22798948,1.839903,0.84200084],[-0.16161029,-0.5982714,0.78081,-0.07930534]],"RightGrip":[[0.18852828,2.0270472,0.405487],[0.9506978,0.060924724,-0.30217984,0.03389975]],"HeadCenter":[[0.2613285,1.6194501,0.55091655],[-0.0535319,0.7707727,0.08669782,0.62890947]],"NeckRoot":[[0.29396302,1.5327476,0.5445028],[-0.059299674,0.7697289,0.096155584,0.6282954]],"RightPalm":[[0.18272492,2.0205052,0.3954937],[0.8078596,0.20324354,-0.2319589,0.5022451]],"RightLowerArm":[[0.14386347,1.837322,0.28418714],[0.82272774,0.19623558,-0.23797284,0.47747198]],"Hmd":[[0.17716825,1.6079409,0.5710538],[-0.059299674,0.7697289,0.096155584,0.6282954]],"RightWrist":[[0.18419097,1.9735159,0.36467534],[0.8063786,0.20385227,-0.23123306,0.504707]],"RightUpperArm":[[0.17271441,1.60275,0.28095576],[0.40742448,0.3048563,-0.08442468,0.8567033]],"RightLowerLeg":[[-0.1036182,0.32073143,0.5041485],[0.011423193,0.76675946,-0.01429518,0.6416738]],"LeftFoot":[[0.22067529,0.0052426183,0.6871219],[-0.002457107,0.17388424,0.0030644266,0.9847583]],"RightAim":[[0.2212729,2.1011076,0.4635203],[0.8063786,0.20385227,-0.23123306,0.504707]]}