{"BalancePoint":[[0.07532925,0.0,0.15951541],[0.0,-0.4454041,0.0,0.89532965]],"LeftLowerArm":[[-0.08348483,1.1725979,-0.052532032],[-0.104313105,-0.51342154,0.069639616,0.8489213]],"RightUpperArm":[[0.08785835,1.3157492,0.23302001],[-0.5835595,-0.4790411,-0.40224487,0.517858]],"LeftUpperLeg":[[0.028289296,0.6925129,0.052584104],[0.18132158,-0.54409057,0.16384003,0.80264837]],"RightPalm":[[0.42278957,1.0993084,0.17127793],[-0.30460638,-0.58652407,0.2852652,0.69413847]],"Hmd":[[0.060947277,1.5829843,-0.025515499],[-0.17680033,-0.44276354,-0.05404188,0.87737197]],"RightAim":[[0.5158049,1.1081707,0.13566262],[-0.300772,-0.5942913,0.29691458,0.68424827]],"LeftAim":[[0.1850256,1.1892617,-0.18504736],[-0.08305794,-0.5091993,0.08203532,0.85269433]],"LeftWrist":[[0.03909705,1.1562809,-0.114039496],[-0.08305794,-0.5091993,0.08203532,0.85269433]],"LeftFootTarget":[[0.18200321,0.0,0.04153298],[0.0,-0.3785871,0.0,0.92556566]],"HeadCenter":[[-0.015362354,1.6036342,0.030074377],[-0.16101311,-0.4479101,-0.038103953,0.87863505]],"Pelvis":[[-0.030871995,0.98351294,0.17086843],[-0.05464726,-0.50910985,0.14246614,0.8470681]],"RightLowerLeg":[[0.528433,1.1088641,0.12367882],[0.20522286,-0.2630063,0.6180625,0.7118358]],"RightFootTarget":[[-0.086262465,0.0,0.3382374],[0.0,-0.35236195,0.0,0.93586373]],"Torso":[[-0.043937072,1.2788875,0.1019247],[-0.09948388,-0.46959212,0.03593809,0.8765242]],"NeckRoot":[[-0.039974578,1.5256296,0.0552633],[-0.17680033,-0.44276354,-0.05404188,0.87737197]],"RightUpperLeg":[[0.18512186,1.0473423,0.20734511],[0.5193701,-0.05404622,0.6784703,0.51673186]],"LeftPalm":[[0.103698805,1.1661038,-0.13459846],[-0.086842716,-0.51009893,0.079977624,0.85197484]],"Base":[[-0.039974578,0.0,0.0552633],[0.0,-0.4454041,0.0,0.89532965]],"LeftUpperArm":[[-0.18229109,1.3156347,-0.04200354],[-0.73355085,-0.383536,-0.34879708,0.43948132]],"RightWrist":[[0.36081517,1.1033094,0.19379659],[-0.300772,-0.5942913,0.29691458,0.68424827]],"LeftFoot":[[0.17641081,0.009584507,0.041516826],[0.0013380387,-0.38083336,0.021085653,0.9244024]],"RightLowerArm":[[0.22636633,1.1434276,0.22459702],[-0.3323515,-0.54485786,0.25482646,0.72645426]],"RightFoot":[[0.82536227,1.071211,0.12194734],[0.25979322,-0.22163275,0.62921244,0.69819653]],"LeftGrip":[[0.10289413,1.165599,-0.13386634],[0.35441685,-0.39996186,0.32564425,0.77998394]],"RightGrip":[[0.4230401,1.0944643,0.16930526],[0.08164796,-0.36621416,0.5542813,0.7429624]],"LeftLowerLeg":[[0.14926037,0.30810958,0.0351649],[0.008191812,-0.34968442,0.05815454,0.93502504]]}