{
    "RightWrist": [
        0.9735866,
        0.21914956,
        -0.06405116,
        -0.10773796,
        0.19362706,
        -0.97514164,
        -0.20129982,
        0.9562856,
        0.2121234,
        -0.50513005,
        0.83711016,
        0.28748482
    ],
    "NeckRoot": [
        0.99049467,
        0.023617402,
        -0.13550848,
        -0.13720784,
        0.10007781,
        -0.9854737,
        -0.009712927,
        0.9946993,
        0.10236704,
        -0.77426356,
        1.3568331,
        0.054251872
    ],
    "LeftPalm": [
        0.9481461,
        -0.06862029,
        -0.31033882,
        -0.30106214,
        0.11909729,
        -0.94613826,
        0.10188481,
        0.99050856,
        0.092262685,
        -0.98132515,
        0.7877597,
        0.32021487
    ],
    "LeftFoot": [
        0.99920404,
        0.0,
        0.039891396,
        0.0,
        1.0,
        0.0,
        -0.039891396,
        0.0,
        0.99920404,
        -0.96120906,
        0.0,
        0.226421
    ],
    "RightFoot": [
        0.93075895,
        0.0,
        0.36563343,
        0.0,
        1.0,
        0.0,
        -0.36563343,
        0.0,
        0.93075895,
        -0.5724764,
        0.0,
        0.17036414
    ],
    "RightPalm": [
        0.9735866,
        0.21914956,
        -0.06405116,
        -0.10773796,
        0.19362706,
        -0.97514164,
        -0.20129982,
        0.9562856,
        0.2121234,
        -0.5077267,
        0.77360064,
        0.26490617
    ],
    "Hmd": [
        0.99049467,
        0.023617402,
        -0.13550848,
        -0.13720784,
        0.10007781,
        -0.9854737,
        -0.009712927,
        0.9946993,
        0.10236704,
        -0.78701305,
        1.2673709,
        -0.054532204
    ],
    "LeftWrist": [
        0.9481461,
        -0.06862029,
        -0.31033882,
        -0.30106214,
        0.11909729,
        -0.94613826,
        0.10188481,
        0.99050856,
        0.092262685,
        -0.98591423,
        0.8519811,
        0.3403284
    ],
    "Base": [
        0.99077106,
        0.0,
        -0.1355463,
        0.0,
        1.0,
        0.0,
        0.1355463,
        -0.0,
        0.99077106,
        -0.77426356,
        0.0,
        0.054251872
    ],
    "HeadCenter": [
        0.99049467,
        0.023617402,
        -0.13550848,
        -0.13720784,
        0.10007781,
        -0.9854737,
        -0.009712927,
        0.9946993,
        0.10236704,
        -0.7879844,
        1.3668408,
        -0.044295497
    ]
}
