{"LeftWrist":[[0.027723137,1.1825398,0.67166674],[0.27780065,0.65715307,-0.4762246,0.51399124]],"LeftUpperLeg":[[0.47410893,0.68280405,0.5679016],[0.026916584,0.7205956,-0.039860655,0.6916852]],"RightUpperArm":[[0.16838907,1.1991812,0.30971304],[-0.23151544,0.64709085,0.31497115,0.6545742]],"Pelvis":[[0.46109128,0.94685334,0.4287995],[-0.035937104,0.733867,0.082960136,0.6732501]],"LeftAim":[[-0.008601555,1.3421928,0.64683896],[0.27780065,0.65715307,-0.4762246,0.51399124]],"NeckRoot":[[0.34751368,1.5385348,0.47798553],[-0.13199632,0.7027411,0.18086672,0.67529196]],"RightPalm":[[-0.023831163,1.3193914,0.38551956],[0.62028486,0.40170762,-0.36388043,0.5669822]],"Base":[[0.34751368,0.0,0.47798553],[0.0,0.7256747,0.0,0.688038]],"BalancePoint":[[0.43467885,0.0,0.4345553],[0.0,0.7256747,0.0,0.688038]],"LeftGrip":[[0.0047988007,1.2438401,0.6553345],[-0.497578,-0.33099893,0.74099904,-0.30622908]],"LeftLowerArm":[[0.1112652,1.1482105,0.6755139],[0.23556013,0.6775689,-0.43447587,0.5446489]],"LeftLowerLeg":[[0.48190588,0.29184762,0.5772818],[-0.041419208,0.7011282,0.034413267,0.7109991]],"Hmd":[[0.21439792,1.5852599,0.48783243],[-0.13199632,0.7027411,0.18086672,0.67529196]],"HeadCenter":[[0.27722403,1.530766,0.48985496],[-0.12571429,0.7054524,0.17436855,0.67537284]],"LeftPalm":[[0.009194002,1.2857177,0.6592525],[0.2740423,0.6588569,-0.4723357,0.5174046]],"LeftFoot":[[0.5037531,-0.006964786,0.57967025],[-0.004027931,0.70450944,0.0026613954,0.7096782]],"Torso":[[0.3573948,1.1333821,0.46775636],[-0.08183758,0.7257971,0.13508606,0.6695319]],"RightWrist":[[-0.051590133,1.1979578,0.37541884],[0.62297213,0.39492357,-0.36891744,0.56554484]],"RightLowerArm":[[0.020954475,1.177622,0.33230606],[0.5917388,0.4553166,-0.3092149,0.58899736]],"RightAim":[[-0.019381866,1.3542647,0.41964284],[0.62297213,0.39492357,-0.36891744,0.56554484]],"RightGrip":[[-0.047892697,1.261094,0.39887416],[0.8222822,0.15755515,-0.5169537,0.1782901]],"RightUpperLeg":[[0.38604292,0.69453126,0.27166215],[0.15011014,0.6711049,-0.10682034,0.71810484]],"RightLowerLeg":[[0.3225466,0.30406356,0.24075045],[-0.007685785,0.7263815,0.03314015,0.6864493]],"RightFoot":[[0.33355117,0.0045290724,0.2325187],[0.00094642024,0.7177138,0.0038775033,0.6963269]],"LeftUpperArm":[[0.25878903,1.1936086,0.6579241],[-0.34648526,0.6655523,0.36227673,0.55294067]]}