{"BalancePoint":[[0.57770824,0.0,0.35719678],[0.0,0.7589491,0.0,-0.65115005]],"LeftAim":[[1.1610295,1.2312416,0.20027097],[0.08301616,0.72389066,0.059646305,-0.68229973]],"RightAim":[[0.6104257,1.2464352,0.9325723],[0.097903766,0.9770964,-0.054222148,-0.18099035]],"LeftUpperLeg":[[0.5356997,0.6747183,0.18462636],[-0.0116952285,0.98411834,-0.17564368,-0.022883546]],"RightLowerArm":[[0.4698297,1.1497215,0.7758915],[-0.45729056,0.40761465,0.28806722,-0.73603857]],"RightGrip":[[0.57066566,1.2104872,0.8485969],[-0.005708021,0.8190792,-0.53550595,-0.20569414]],"RightUpperLeg":[[0.57591623,0.668776,0.5323849],[-0.60913277,0.2457748,0.3092995,0.687667]],"Hmd":[[0.6722327,1.6107008,0.38351855],[0.07456196,0.75424784,0.08434143,-0.6468673]],"RightWrist":[[0.531539,1.1993182,0.79479766],[0.097903766,0.9770964,-0.054222148,-0.18099035]],"LeftUpperArm":[[0.5954298,1.2962799,0.2929988],[0.5953059,-0.6284754,-0.37746203,-0.32886487]],"Torso":[[0.53327745,1.1717257,0.3274923],[-0.17882738,0.7280317,0.103878796,-0.65360516]],"LeftLowerLeg":[[0.5434959,0.2934764,0.2580903],[0.0020315691,0.66921794,0.015308501,0.742906]],"RightLowerLeg":[[0.69866025,0.37514123,0.6548758],[-0.044557203,0.75783956,0.07340422,-0.6467656]],"LeftPalm":[[1.0174674,1.2306434,0.2323382],[0.08024351,0.7194768,0.058430612,-0.68738633]],"LeftFoot":[[0.5476985,-0.006423714,0.25397182],[-0.003691205,0.6555904,-0.001733312,0.75510556]],"Pelvis":[[0.48576853,0.8400674,0.25684714],[0.014300091,0.79119116,0.07040877,-0.6073341]],"LeftGrip":[[1.0620798,1.2208341,0.19520603],[-0.26925573,0.6567309,-0.31029016,-0.632397]],"RightFoot":[[0.69166017,0.07787468,0.62287456],[0.0020626965,0.72007656,0.0054493304,-0.6938702]],"HeadCenter":[[0.55406576,1.5511501,0.395136],[0.08227804,0.7493125,0.10252144,-0.64903796]],"NeckRoot":[[0.55375165,1.5356046,0.36555216],[0.07456196,0.75424784,0.08434143,-0.6468673]],"Base":[[0.55375165,0.0,0.36555216],[0.0,0.7589491,0.0,-0.65115005]],"LeftWrist":[[0.9973266,1.2234377,0.17649123],[0.08301616,0.72389066,0.059646305,-0.68229973]],"LeftLowerArm":[[0.77813154,1.2042518,0.29085055],[-0.04263418,0.5896114,-0.18030468,-0.78614926]],"RightPalm":[[0.60286,1.2135673,0.8232366],[0.11285178,0.9738136,-0.08429876,-0.17845276]],"RightUpperArm":[[0.4297318,1.1873492,0.6840028],[0.6658725,0.61743444,0.40543923,-0.104917124]]}