{"LeftUpperArm":[[-0.06579222,1.4680794,0.6103583],[-0.53736037,0.2459267,-0.29142654,0.7522196]],"LeftLowerLeg":[[-0.18880476,0.30500436,0.8360672],[-0.0038112148,0.05094188,-0.046885364,0.9975932]],"RightLowerLeg":[[0.1572939,0.30475175,0.7245332],[0.02432139,-0.551464,0.030423276,0.833289]],"Base":[[-0.0035499688,0.0,0.7873765],[0.0,-0.018907063,0.0,0.9998213]],"LeftWrist":[[-0.29113162,1.2619025,0.34743148],[-0.06746366,0.07621502,-0.029708823,0.9943629]],"LeftFoot":[[-0.2074642,0.0058873845,0.83854675],[4.8529853e-7,0.09801039,-0.000030710435,0.99518543]],"LeftUpperLeg":[[-0.15077867,0.7091139,0.83123076],[0.010981478,0.34819478,-0.046065938,0.9362253]],"NeckRoot":[[-0.0035499688,1.5349426,0.7873765],[-0.17610571,-0.024872275,0.031841546,0.98354167]],"BalancePoint":[[-0.0065445574,0.0,0.7775006],[0.0,-0.018907063,0.0,0.9998213]],"LeftLowerArm":[[-0.22625493,1.3184837,0.45771587],[-0.22636953,0.23216234,-0.053024672,0.9444818]],"Pelvis":[[-0.011108674,0.98123974,0.7820498],[0.0055849017,0.18666244,0.00838785,0.98237246]],"HeadCenter":[[-0.009212721,1.617219,0.75260556],[-0.17591459,-0.024875652,0.031793166,0.9835774]],"LeftAim":[[-0.29927307,1.2796851,0.18298548],[-0.06746366,0.07621502,-0.029708823,0.9943629]],"RightGrip":[[0.25455126,1.281969,0.26023018],[0.45589107,-0.027596002,0.14556316,0.87761784]],"Torso":[[-0.008456375,1.292346,0.78547066],[0.005667177,0.12508933,-0.009234159,0.99208635]],"RightPalm":[[0.25455216,1.2819785,0.2602273],[-0.043995887,-0.09668049,0.11226246,0.98798513]],"RightWrist":[[0.25796646,1.2799546,0.32756722],[-0.043995686,-0.09668041,0.11226338,0.9879849]],"RightAim":[[0.26723862,1.3049,0.16411467],[-0.043995686,-0.09668041,0.11226338,0.9879849]],"RightLowerArm":[[0.1522449,1.2776436,0.4193066],[0.41205359,-0.05061787,-0.9003053,0.13076794]],"Hmd":[[-0.002923357,1.5940541,0.658903],[-0.17610571,-0.024872275,0.031841546,0.98354167]],"LeftGrip":[[-0.285957,1.2623268,0.28017792],[0.43875614,0.051149726,-0.0638361,0.8948752]],"RightUpperArm":[[-0.028918922,1.3431097,0.6075553],[-0.17392763,-0.35369024,-0.2495399,0.8845238]],"RightUpperLeg":[[0.12631893,0.708905,0.72965443],[0.005125016,0.10092187,0.03838133,0.9941405]],"LeftPalm":[[-0.28589568,1.2624156,0.28003594],[-0.067465946,0.076219864,-0.02970152,0.9943625]],"RightFoot":[[0.17281847,0.00535725,0.7231301],[0.000022033584,-0.5621774,0.000002517333,0.82701665]]}