{"LeftFoot":[[0.17651202,0.008645278,0.040283866],[-0.0037421044,-0.38073385,0.023823189,0.92437017]],"RightFootTarget":[[-0.086262465,0.0,0.3382374],[0.0,-0.35236195,0.0,0.93586373]],"RightUpperArm":[[0.09563298,1.3065218,0.22943957],[-0.59622,-0.4731496,-0.4054273,0.50624096]],"RightLowerLeg":[[-0.051508382,0.3045664,0.31734154],[-0.0690349,-0.3660655,-0.05122566,0.9266102]],"RightUpperLeg":[[0.01458186,0.70508474,0.27634898],[-0.08772124,-0.46268895,-0.050845634,0.8807036]],"LeftUpperArm":[[-0.17690389,1.3110628,-0.046823833],[-0.73881537,-0.37970862,-0.35399324,0.42972338]],"Torso":[[-0.0288424,1.2648715,0.084321],[-0.07299887,-0.46351248,0.030285778,0.88255894]],"BalancePoint":[[0.08082989,0.0,0.15343165],[0.0,-0.44362947,0.0,0.8962104]],"RightWrist":[[0.3637307,1.1013361,0.19093862],[-0.30540147,-0.5885566,0.29706815,0.68708205]],"RightGrip":[[0.42564738,1.0916407,0.16599219],[0.079055615,-0.36117083,0.5515468,0.7477312]],"LeftWrist":[[0.04121249,1.1546748,-0.117389366],[-0.07917218,-0.5091645,0.08512782,0.8527816]],"LeftGrip":[[0.10489493,1.1646492,-0.13726541],[0.3578257,-0.39838547,0.32830513,0.77811664]],"LeftPalm":[[0.10581529,1.16513,-0.13805756],[-0.08318699,-0.51014847,0.0829018,0.8520306]],"NeckRoot":[[-0.034328267,1.5252079,0.049311243],[-0.18221615,-0.44086775,-0.0552966,0.87714034]],"LeftLowerArm":[[-0.0812324,1.1701105,-0.05597612],[-0.10199049,-0.51375824,0.07176068,0.84882325]],"LeftUpperLeg":[[0.028906103,0.6897397,0.017959416],[0.16413277,-0.55667925,0.18227544,0.7936901]],"RightPalm":[[0.42570698,1.0955534,0.16796117],[-0.3074732,-0.58160913,0.2868706,0.6963449]],"Pelvis":[[-0.017941678,0.9568138,0.13239174],[-0.031561196,-0.5033799,0.07442032,0.8602757]],"RightLowerArm":[[0.22967817,1.1373826,0.22268292],[-0.32910603,-0.54372084,0.26297563,0.72587925]],"RightFoot":[[-0.08366592,0.007575549,0.3369436],[-0.01238411,-0.35332188,-0.011513058,0.935349]],"LeftAim":[[0.18673763,1.1892455,-0.18846887],[-0.07917218,-0.5091645,0.08512782,0.8527816]],"Base":[[-0.034328267,0.0,0.049311243],[0.0,-0.44362947,0.0,0.8962104]],"LeftFootTarget":[[0.18200321,0.0,0.04153298],[0.0,-0.3785871,0.0,0.92556566]],"Hmd":[[0.06676435,1.5811143,-0.032265473],[-0.18221615,-0.44086775,-0.0552966,0.87714034]],"RightAim":[[0.5182568,1.1041006,0.13144863],[-0.30540147,-0.5885566,0.29706815,0.68708205]],"LeftLowerLeg":[[0.15068786,0.3068058,0.022839988],[-0.016875964,-0.34131205,0.06335584,0.9376606]],"HeadCenter":[[-0.006646759,1.5973426,0.023585517],[-0.1591602,-0.44540378,-0.037870858,0.8802552]]}